,tweet,sarcastic
0,It's just a privilege to watch your mind at work.,True
1,I don't think I'll be able to stop thinking about it.,True
2,"Since it's not bee season, you can have my epinephrine.",False
3,"Lois Lane is falling, accelerating at an initial rate of 32 feet per second per second. Superman swoops down to save her by reaching out two arms of steel. Miss Lane, who is now traveling at approximately 120 miles an hour, hits them and is immediately sliced into three equal pieces.",False
4,I'm just inferring this is a couch because the evidence suggests the coffee table is having a tiny garage sale.,True
5,"Sheldon, if you were a robot, and I knew and you didn't...",False
6,"If you're compiling a mix CD for a double suicide. Oh, I hope that scratching post is for you.",True
7,No. The dark crescent-shaped patterns under your arms conceal it nicely.,True
8,"How's this? ""Pleased to meet you, Dr. Gablehauser. ""How fortunate for you that the university's ""chosen to hire you, despite the fact ""that you've done no original research in 25 years, ""and instead have written a series of popular books ""that reduce the great concepts of science ""to a series of anecdotes, ""each one dumbed down to accommodate the duration ""of an average bowel movement.",True
9,"Yeah, my parents felt that naming me Leonard and putting me in Advanced Placement classes wasn't getting me beaten up enough.",True
10,"Sure, cut the foreigner in half. There's a billion more where he came from.",True
11,"Leonard, may I present, live from New Delhi, Dr. and Mrs. V. M. Koothrappali.",False
12,"Well, I'm sorry, too, but there's just no room for you in my wallet.",True
13,"I've got some feelers out. In the meantime, listen to this.",False
14,That woman looks exactly like the pictures of Princess Panchali in the book. How often does one see a beloved fictional character come to life?,False
15,Not to mention you'd have to power down on saturdays.,False
16,"Well, there's always the possibility that a trash can spontaneously formed around the letter but Occam's rasor would suggest that someone threw it out.",True
17,"Technically, yes. But, if you'll notice... It's reversible!",False
18,Just the latest copy of Applied Particle Physics quarterly.,True
19,"Oh, you know, that is so weird that yours came and mine didn't.",True
20,Do you think Penny will come here and take care of us?,False
21,"- Now?! - No, after my tongue has swollen to the size of a brisket!",True
22,"What else? Sell it on eBay as ""slightly used.""",False
23,"Good idea, sit with her. Hold her, comfort her. And if the moment feels right, see if you can cop a feel.",True
24,"Notify the editors of the Oxford English Dictionary. The word ""plenty"" has been redefined to mean ""two.""",True
25,"Oh, please. The only way she could make a contribution to science would be if they resumed sending chimps into space.",True
26,I think tonight was a very good start.,False
27,"I'm sorry, I am not going back to the Renaissance fair.",False
28,You were very clear. As was everyone else at the table.,False
29,"They gave him an assistant? If I want a new pen, I have to go to the bank with wire cutters.",True
30,"Maybe when I publish it, I'll include an inhaler.",True
31,I don't know. It just died. I'm getting a bunch of static.,False
32,"Sadly, Mrs. Giselle Wolowitz is sensitive to chlorine. Lucky for her I like my fashion models pruny and bug-eyed.",True
33,The big deal is that nobody touches food on my plate.,False
34,On a dusty highway just outside Bakersfield. Where do you think? On Mars!,True
35,How nice. Maybe they can carpool when they visit you in federal prison.,True
36,"What do you think I did? I discreetly slipped off the other earring, put it in my pocket and then got the hell out of there!",False
37,The blunt instrument that will be the focus of my murder trial?,True
38,Would it work if I just punched you in the face?,False
39,Answering the question once and for all why Wolowitz bailed out of medical school.,False
40,My aunt Marion gave them to me for my 12th birthday.,False
41,You were right. Your larynx is terribly inflamed. I've never seen anything like it.,True
42,"""Dave."" Sounds like Leonard's got a new BFF.",True
43,"If you don't like this stuff, let's go next door and build her a bear.",True
44,"- Maybe I heard you wrong. A lot of words sound like ""yoga.""",True
45,Why don't you just lie down on the floor and swim there?,True
46,I hope I'm a waitress at the Cheesecake Factory for my whole life.,True
47,"When I didn't pay my bill, the Department of Water and Power thought I would enjoy the ambience.",True
48,There's no hurry. Tell them more about their secret love for each other.,False
49,"Kind of makes you feel more alive, doesn't it?",True
50,"Assuming I can keep up this pace, three hours, 11 minutes. Plus however long it takes to conclude this fairly pointless conversation.",True
51,"Excuse me, but what about me? Why don't I get a shot?",False
52,"So? Do cocaine smugglers write ""cocaine"" on the box?",True
53,Thank you so much for giving me the opportunity to help.,False
54,You know this can go on all night. Why don't you just come with us?,False
55,Provided he has already read and is familiar with the reestablishment of the DC multiverse.,False
56,"You think ""coffee,"" means coffee. That is so sweet.",True
57,"You don't really believe in that superstition, do you?",False
58,"Okay, here's an idea. What if I change my name and go live with my cousin and her husband, Avi, in Israel?",True
59,Hardly a day goes by when I don't think about it.,True
60,"Sure, maybe a tableau of me trying to pummel you to death.",True
61,"Terrific, it's just that... I don't think Penny wants me to go.",False
62,What did you mean when you said you were going to miss me?,False
63,"Ooh, big talk from a man who was once treed by a chicken.",True
64,"No, I mean, we can always go back to being friends.",False
65,It's an iCal download. She can put it right in her phone.,True
66,"You know, I've always wanted to go to a Goth nightclub.",True
67,"No, I'm behind on my Wiki-reading. I'm kind of on a John Grisham kick right now.",False
68,"- Chocolate? - No, I don't want any chocolate!",False
69,"Oh, you know, Goth stuff. Goth magazines, Goth music.",False
70,"Obviously, waitressing at The Cheese Cake Factory is a complex socio-economic activity that requires a great deal of analysis and planning.",True
71,When I have enough to destroy all the human toast on the Battlestar known as Galactica.,True
72,Seems like an awful lot of trouble to go through for intercourse.,False
73,"But if she dumps you, she'll have a new boyfriend by tomorrow morning and you'll have a new girlfriend when you figure out how to build one.",True
74,"Not a great movie, but look at that beautiful desert.",False
75,Right. That was so good! Sweety and meaty at the same time.,False
76,"I'm sorry, fiddling with yourself in the bathtub is a real class act.",True
77,"No, I mean Princess Leia. Of course I mean Bernadette. She's a wonderful girl and she really likes you.",True
78,"Oh, sure. And while we're at it, why don't we put our hands behind our backs, have an old-fashioned eating contest?",True
79,Leonard's work is nearly as amazing as third graders growing lima beans in wet paper towels.,True
80,"Okay, I got a bone to pick with you.",False
81,"Raj, you should've seen Leonard's experiment. The interference pattern was so cool when the electron beam was on.",False
82,"I was going to ask Leonard to do it, but he seemed a bit emotionally unstable and you don't want someone like that operating heavy machinery.",False
83,"Oh, we don't need to talk about that anymore. Leonard covered it pretty well in the car.",True
84,Don't you think looking for a new city to live in is a bit of an overreaction?,False
85,"I understand your point, but given a choice, Jews always go with Chinese food.",True
86,"Well, I always figured it was to study us, discover our weaknesses, and report back to your alien overlords.",True
87,Why don't you keep that stuff in the bathroom?,False
88,"Oh, no, no, I said I'm inviting you to come with me to Stan Lee's house.",False
89,There a new girlfriend in there? 'Cause you might need one.,True
90,"Oh, I'm so glad you asked it like that. You.",True
91,Can we please talk about something else? Maybe something vaguely related to life as we know it on this planet?,True
92,"Excuse me, I'm thirsty, so I'm going to go to the refrigerator and get myself a refreshing beverage.",False
93,"I read a study online that walking after a meal not only aids in digestion, but increases serotonin, and you know me, if there's one thing I like more than a refreshing beverage, it's serotonin. Bye-bye.",False
94,"So what, you're just gonna walk up and down the stairs?",False
95,"That's very thoughtful, but I think I'll finish my coffee first.",False
96,"In 1917, when Albert Einstein established the theoretic foundation for the laser in his paper <i>""Zur Quantentheorie der</i> <i>Strahlung,""</i> his fondest hope was that the resultant device be bitchin'.",True
97,A lot of people are working on that research. So what is all this?,True
98,It was the kind of thing that makes it kind of hard to face her now.,False
99,"All right, all right. He can buy his own desk.",False
100,I just have a question. Does Bernadette ever talk about me?,False
101,He does it all the time. He's a cornucopia of social awkwardness.,False
102,I just want to ask you a few questions about Howard Wolowitz.,False
103,"Yes. In fact, our menses are synchronized. Penny. Bernadette tells me you're planning a girls' night.",False
104,"...so anyway, to make a long story short, turns out I have an unusually firm cervix.",False
105,"Bernadette dared me to tell a dirty story. ""The Miller's Tale"" by Chaucer is the dirtiest story I know. It would have been hidden in sock drawers if people in the 14th century had worn socks.",False
106,Is it possible that she was going for your cheek and you moved and she accidentally got lip? That happens with me and my mom all the time.,False
107,"Well, I'm just glad you finally found yourself a keeper.",False
108,"Oh, and the science dudes want to talk science with you. What do you want to talk about-- rocks, dinosaurs, our friend the beaver?",True
109,"In the bedrooms of ten-year- old girls, where they belong.",True
110,"I don't know. Somebody bigger and... Yeah, sure. Why not you?",True
111,"Obviously, we're no longer a Justice League. We have no choice but to switch to our Muppet Baby costumes.",False
112,I understand. Your loyalty is admirable. But what if I were to up the ante?,False
113,"Certainly. I'd like to raise two points. Number one, I think they <i>are</i> talking about penises. And number two, these mimosas are kicking my little brown ass.",False
114,We might be starting to zero in on your problem.,True
115,"Hey, you taught me something. Who would have thought it?",True
116,"An entire dinner to talk about your research? Where you going, the drive-thru at Jack in the Box?",True
117,"Yeah, but you were just sleeping, because I forboded you to have sex.",False
118,"Oh, yeah, yeah. It's real great. Today I drove to Van Nuys for an audition I thought was going to be for a cat food commercial. Turned out to be porn.",True
119,"That's got to be fun for you, huh? Watching Hofstadter suck the saliva out of your sister's mouth?",True
120,"Yeah, it's a great time to be alive, isn't it?",True
121,I'm not saying that you're not fun. You're the most fun person I know.,False
122,"Saying that while holding a snowflake is a bit heavy-handed, don't you think?",True
123,"I'm sorry, Sheldon bought a loom and learned how to weave?",False
124,"Okay, Amy, you're being silly. I'm not concerned about who hangs out with who. And I certainly don't have a problem with Leonard's new girlfriend who wears way too much makeup. Ooh, these are cute. Of course if I buy them, I'll have to rent my womb out to a gay couple.",True
125,"Yes, I'd like a seven-day course of penicillin, some, uh, syrup of ipecac-- to induce vomiting-- and a mint.",True
126,"He drank from Leonard's glass. ""He drank from Leonard's glass""-- the words they'll be carving into my tombstone.",True
127,"Right, right, whereas Jewish mothers take a casual, la-di-da approach to their sons.",True
128,I gargled with tequila and may have swallowed a teeny bit.,False
129,is an event that's like a heart attack.,True
130,"Your girlfriend and your ex-girlfriend are hanging out together? Oh, yeah, that can only be good for you.",True
131,"I'd like to respond to that sarcastically: Yes, I relish the thought of a stranger covering my body with oil and rubbing it.",True
132,"Congratulations and welcome temporarily aboard. Here's your I.D. card, your key and your lapel pin. Which Leonard was too cool to wear.",True
133,Of course you do. You're a cutie pie! Any girl would be lucky to have you!,False
134,"Oh, I could so see you being the face of hemorrhoids.",True
135,"All right, so technically it's not a dinner date. I suppose you could call it a, uh, dinfast date. But if you did, you'd open yourself to peer-based mocking, such as, ""Hey, Leonard, how was your dinfast with Priya last night?""",False
136,"When you're done copping a feel, that goes on my wrist.",True
137,"Because you don't have a girlfriend? Well, good Lord, if that becomes a reason not to play Dungeons & Dragons, this game's in serious trouble.",False
138,Here's some other fun news on the Raj/Emily front. He gave her a pair of diamond earrings and leased her a car.,False
139,Smart. Whisper so the deaf chick can't hear you.,True
140,You just got off the list. Would you like back on it? This'll just take a moment. It's on a five and a quarter inch floppy.,True
141,"You see betrayal in others, but not yourself.",True
142,I don't know what I'm going to do. I don't want to break up over this.,False
143,"Frankly, Mom, I'm encouraged to see how advanced your group has become-- willing to sail out into the ocean without fear of falling off the edge.",True
144,"We don't say that, either. I'll make you a list. Oh, that would be mighty white of you.",False
145,"So, this spring, I get to go to the International Space Station. Oh, my word, a trip to the heavens.",False
146,"No, I'm just allergic to people who get Nobel Prizes for no good reason.",True
147,"Yes, there's nothing quite like the slightly widened eyes of mildly startled.",True
148,You have a thing of paper clips right there.,False
149,"Oh, my God, that's where I know you from.",True
150,"No. You mean this was all a ruse? Oh, how could I be so stu...",False
151,"Well, if you don't mind looking like an orange traffic cone, great.",True
152,"said horrible things about each other in public... all in all, a pretty magical night.",True
153,"Oh, of course he is. She's very interesting. Did you know, when she was 14, she severed the webbing between her own toes?",True
154,"You know, the holidays are just around the corner. Maybe he wants to see if he can lodge the other testicle up there.",True
155,Hmm. That's too bad. We could have spent New Year's Eve waiting for the ball to drop.,True
156,Sure. You want to see what all the scientists are wearing this year.,True
157,You'd think a winner could make a decent cup of cocoa.,True
158,"Oh, I see why you're confused. No, her news sounded important, but what you're forgetting is, it was an achievement in the field of biology. That's all about yucky, squishy things.",True
159,"No, but maybe she wants a man with a pocket watch.",False
160,"Well, yeah, sex with you is pretty great. Have you ever tried it?",False
161,"Well, that wady took high-wes pictures of my junk wast night for Cwaigswist.",False
162,You mean for a person whose neck massages feel like an eagle is trying to carry you to its nest?,True
163,"Yeah, terrific. The other astronauts would love to go hurtling through space with a guy named ""Crash.""",True
164,Maybe that's because I'm not being challenged. It's the same reason Einstein failed math.,False
165,"Hope your hands are steady. It's the width of a single hair. But this is just biology, so I'm sure it's no problem for a genius like you.",True
166,"Oh, screw her. She's just lucky we let her hang out with us.",False
167,"I'm sorry, it's the bad boy attitude that comes with this hair.",False
168,"Also instead of just living in your mother's house, you could actually live inside her body.",True
169,"...to all the good times we had, like, uh, when we went camping and spent that night telling each other all our secrets. I told him I'm addicted to pedicures and he told me he lost his virginity to his cousin.",False
170,"How about you? Did you have a fun night? Yeah, we, uh, made gift bags, had wine, and then went online and saw this.",True
171,"Not exactly. Listen, if you don't mind, I'm not really up for chatting. I'm just going to sit here quietly and let my life flash before my eyes.",False
172,"Darn. If you weren't busy, I'd ask you to join us.",True
173,I am talking to a man in space. If you don't have the (walkie-talkie static) then he might as well be at the Coffee Bean over on Lake Street.,False
174,I'm starting to get a sense of it.,True
175,"Well, if that's all it takes, it's a good thing you don't have a dog.",True
176,"Of course, it is... it's been in the news. And it's a very famous boson.",False
177,I didn't know they gave Nobel prizes for making boom-boom in the potty.,True
178,"The original title was ""A Rederivation of Maxwell's Equations Regarding Electromagnetism"""" I dumbed it down because some of the more religious people in town were starting to say I was a witch.",False
179,We've kind of been involved in a five-year experiment.,False
180,My limbic system wants to take your pants off.,False
181,"Okay, the NASA Web site says Howard's final descent has begun.",False
182,"Yeah, well, Bernadette's a little under the weather and my mom's kind of under my dentist.",False
183,"It's okay, you know, we space cowboys don't do what we do for glory and fame. We leave that to your rock stars and your athletes and your Howie Mandels.",False
184,that sounds a little funny to an American ear.,False
185,"""To Stuart, your comic book store is out of this world. Just like the guy in this picture was.""",False
186,"You're right, the party's fantastic. Please, tell me more. I haven't heard enough about it all week because hearing about that never gets old!",True
187,"Amy, I can't just ask Wil Wheaton to leave. He's a minor celebrity. Once you explain who he is, many people recognize him.",False
188,"She was just so sad all the time. Yeah, I was the only person who could cheer her up. Well, me and Ben and Jerry.",False
189,"Yeah, that was five weeks ago. How much longer is he gonna milk that cow?",False
190,"Anyway, to this day, I still can't see a box of crayons without crossing my legs.",False
191,Exactly what it was half an hour ago. It's like you're not even trying to get better.,True
192,I did. The guy at the liquor store said this stuff tastes great in coffee.,False
193,"Come on, let's just start walking. There's got to be a gas station or something nearby.",False
194,Why don't you ask Scotty to beam you up?,True
195,"No, just me, her and a couple of the big wigs. It's part of a bonus she got.",False
196,"Dumped her? What, did he use a forklift?",True
197,Like Burt and Ernie. You guys even teach me stuff about words and numbers.,True
198,"Trust me, you're not Jewish. That's how they get you.",False
199,"Yeah, I'm really looking forward to it. In fact, there's no place I would rather be than here.",True
200,And I'm cool with surprises. But nothing on a Jumbotron. I don't want to cry on a big screen like that.,False
201,We could go to Red Lobster and talk about it. We're all thinking it. I just had the decency to wait for him to leave.,False
202,"Go out with me on one date, and I promise you, you'll see.",False
203,"Oh, sure, what a wonderful idea. And after that, I'll make up my own rules of oral hygiene. You know, instead of flossing, I'll rub pudding on my gums. I'm going to get the number of the SyFy Channel and give them what for.",True
204,"Oh, I think we were looking at creepy in the rearview mirror when I put up that camera.",False
205,I think I'm gonna go. Thank you for the burrito and the pork rinds and the 20-minute lecture on why monster trucks are better than regular trucks.,True
206,"A lane frequented by liars. Like you, you big liar!",False
207,Because you're in the right lane behind a bus and you won't go around it? I'm sure she finds it charming.,True
208,"I enjoyed it. When you told me I was going to be ""losing my virginity,"" I didn't think you meant showing me <i>Raiders of the Lost Ark</i> for the first time.",True
209,It was very entertaining... despite the glaring story problem.,True
210,How do you not tear off his clothes and take him right here on this table?,True
211,"Not as relieved as I'm about to be. It's a brave new world, little lady.",False
212,"I'm not going to bother him, I'm going to talk to him.",False
213,"- No, no, no. I'm really good at this. All right, give me a hint. Does it involve difficulty initiating a stream of anything?",False
214,"Why? Because I got an ugly, itchy sweater, and my brother got a car? No, I was her favorite.",True
215,Can we talk about something else? Do you know that I yodel?,False
216,I can't believe we wasted all that time on our Hulk costumes.,False
217,"People usually start a meeting with a joke, but you go ahead-- end with one.",False
218,What do you think I was gonna do at home?,False
219,I was gonna say we pick up a cake or a pie. But an insult to her faith is always thoughtful.,True
220,"Ooh, I'm gonna check the fridge, and see if there are any clues inside a beer.",True
221,"Well, my beer isn't flat and my rack's not saggy. So far, the future's great.",True
222,"And of those few months, how long have you been a demented sex pervert?",False
223,"Let the dead man talk. So, why do you think that?",False
224,"Well, now that I've given up string theory, I'm struggling to find my next area of focus. So, in your professional opinion, which of these areas do you think is the most promising?",False
225,"You know, if you're really serious about that, I hear there are some exciting opportunities in home care for the old and fat.",True
226,"And if it turns out you don't... - you and I could live together. - You and... Oh, sure.",True
227,"- You and... Oh, sure. And while we're at it, why don't we get engaged, too? Why don't we get a little house, start a family? Enjoy our sunset years together? Do you hear yourself, woman?!",True
228,"There they go, fighting again. You'd never hear her talk that way to Sauvignon Blanc.",True
229,"I'm with him three years, nothing. She's with two minutes, and he's taking his pants off.",False
230,I'll give you a plan right now. Step one: open comic book store. Step two: start rumor this comic book store gives you genital warts.,False
231,"On the bright side, that Oxford study was right. One friend down. I wonder who you're going to lose next.",True
232,That's how much buying a comic book store means to me.,False
233,"Okay, sit down. Listen, Emily, what happened between me and Raj was a long time ago. It was,",False
234,It's true-- you're both gorgeous. Kind of says something about the man who could bed you both.,False
235,I don't need a reason-- it's my house.,False
236,"Boy, when you met Bernadette, the field of robotics really took a hit.",True
237,Let's not talk about this in front of our friends.,False
238,Maybe it's a good thing we came here. It's like a lesson in what not to do.,True
239,"Same as all of us, getting out of a car without underwear.",True
240,"Because no one wants to see Neil deGrasse Tyson in a wet T-shirt, bent over the hood of a Porsche.",False
241,"Wow, he really went where no man has gone before.",False
242,"Well, he said it was a tribble. It could be a toupee, but either way, it's pretty cool.",False
243,"Ah, that's a good question. Apparently someone was being awfully flirty while not wearing their engagement ring, causing another someone to show up here thinking the first someone might be available.",True
244,"Wow, you still have it? I just assumed it was balled up in the corner of a barn somewhere.",True
245,"Next time I might be in a rush, it's good to have a few in the bank.",False
246,I'm listening to you snore. I'm wondering how I'll ever sleep without it.,True
247,"He probably got a new one. Finish your breakfast. Look, there's an entire section of my dashboard that doesn't have any syrup on it.",False
248,And here I am in the trap. You just keep talking. I'm gonna chew my leg off.,True
249,"And I love that I work and do all the cleaning, and you're okay with that.",True
250,"Oh, you're hardly out of the woods, no. You still run the risk of infection, a blood clot, the possibility that an inattentive surgeon let a barn spider lay eggs in your nose.",False
251,"I love that you take pride in your looks, even when I have to pee in the morning, and you're in there spending an hour on your hair.",True
252,I love that you're too good to pee in the kitchen sink.,True
253,"So as they say, all good things must come to an end.",False
254,Doesn't Professor Abbott's family want any of this stuff?,False
255,"I guess the sad truth is, not everyone will accomplish something great. Some of us may just have to find meaning in the little moments that make up life.",False
256,"You know what? That was almost on topic. I'm gonna say, ""Good job, Sheldon.""",True
257,Are you sure a dummy like me can handle something as complicated as a blanket?,True
258,"No, you're right, we should do what you do. Have our mom send us pants from the Walmart in Houston.",True
259,Is that why you had to take him to Office Depot last night?,False
260,"As you may know, I've been experimenting with elevated anxiety levels, and I thought, what better way to increase my discomfort than to subject myself to an evening of tasteless uncensored crotch talk?",False
261,"And how difficult it is to do when she's bloated, cranky and crampy?",False
262,"I've, uh, created some other user accounts so I can post positive comments about their paper.",False
263,The answer's in this puzzle box. Let's see if you can open it.,True
264,"No, Stuart picked out those throw pillows all on his own.",True
265,"Not much, but he seemed to be in a pretty good place.",False
266,"I don't know, perhaps somebody took it off the carousel by mistake?",False
267,This is why I've been saying we should keep champagne on ice.,True
268,"Yeah, turns out half a dozen menorahs really sets a mood.",True
269,"Yeah, we just want to have the kind of dinner that we've all had here so many times before.",False
270,"Yeah, good for you, Leonard. That's a lovely little notion. Kind of like, I wish I could talk to my uncle in Chicago. Yeah, now stand back while I invent the telephone. Hello? Oh, hold on. Leonard, it's your uncle. He says you just got burned.",True
271,It's why my people wandered the desert for 40 years. Took that long to walk it off.,True
272,"All right, Amy's in charge of pricing and being 75.",True
273,"And if I had a friend, they might have told me that.",False
274,Then buckle up; you're in for a cranky night.,False
275,"Oh, just put it in your mouth and pop it like a zit.",False
276,"No need to. As soon as she flies into California airspace, I'll feel a disturbance in the Force.",True
277,"Uh, no. I overheard Bernadette tell Howard she was making him a meat loaf, and you don't have to not ask me twice.",False
278,"Oh, yes, we've got the moon and the trees and... Elizabeth McNulty, who apparently died when she was the same age I am.",False
279,"Wow, there's a Denny's in Vegas you can actually get married in.",False
280,"I guess he wants to do a little dance, you know, make a little love. Well pretty much get down to that.",True
281,You have to stop the Q-Tip when there is resistance,True
282,"Joey if I go first, I want to be looking for my keys",True
283,Yes yes it is! In Prison!!,True
284,"Uh, so how many cameras are actually on you.",True
285,But younger than some buildings!,True
286,"And then and then you clicked it again, she's dressed. She is a business woman, she is walking down the street and oh oh oh she's naked.",False
287,Oh no donÕt go. I have scared you. I have said too much. I am hopeless and awkward and desperate for love.,False
288,Sounds like she has got the whole package!,True
289,Yeah either that or gloria estefan was right eventually the rhythm is going to get you,True
290,I'd miss you if I broke up with you. Just trying to be supportive.,False
291,"Oh, uh, no thanks. I just had an M&M.",True
292,"Okay, but if you are not coming back soon, there is pretty much nothing I can do about it",True
293,You can't do anything.,False
294,I'll catch you guys later.,False
295,Really?,False
296,"Our balcony? Seriously? That's so funny because I told Monica we should put lights on our balcony. - And she said - ""No no, its too cold, nobody will go out there.""  - I said ""Maybe if we put some lights out there they will"".",True
297,"Oh my god, you almost gave me a heart attack!",True
298,Janice? Janice?,True
299,"I am sorry, it was a one time thing. I was very drunk and it was someone else's subconscious",True
300,"And sometimes I would want you to steal third, and I'll go like this.",True
301,Crazy bitch!,True
302,"Yes, the doctor's say if they remove it, he will die!",True
303,And I just won a million dollars!,False
304,You sure he is going to be able to crack that code?,True
305,"These people find out that a spelling game is going over there, there will be nobody left at our party.",True
306,"Oh, wait a minute, I have no one.",True
307,Actually I yesterday I was smoking again. Today I am smoking still.,True
308,"Oh I do. Oh no, wait a minute, I took it out of my shirt when I put it on this morning.",True
309,"I thought if I littered, that crying Indian might come by and save us.",True
310,Huh! Whats dufus speled backwards?,True
311,"Oh no, now its not gonna make any sense",True
312,"Nope, that patch is no good.",True
313,"If that doesn't keep kids in school, what will?",True
314,"Hey, my father's house does that.",False
315,Were you so late because you were burying this woman?,True
316,I am so confused as to what we have been doing so far.,True
317,A tshirt that says - I don't belong here.,True
318,"Oh Oh, I am convinced!",True
319,Oh just like give a minute to wake up for this  ...  Ha ha! You lost the ring. You the worst best man ever!,False
320,"Pheebs, you may know this, you know strange things. What is the boiling point of brain?",True
321,And the bunny got away!,True
322,And you are gonna make them all disappear.,True
323,"Wow you look just like your son, Mrs. Tribbiani",True
324,Your makeup?,True
325,I'm sorry man there is never a good time to have to .. Stop catching on fire.,True
326,Joey's got a really bad hernia but its nothing that a laser eye surgery wont fix,True
327,"See now that I see crying over, but Bambi, is a cartoon.",True
328,"Because his penis was too big. I am sorry, thatÕs the kind of thing I do.",False
329,"Oh hurry up, I want to sign that.",True
330,"Nice jon Joe, you are quite the craftsman!",True
331,Well thank God your livelihood doesn't depend on it.,True
332,Oh I left them in my bulldozer .. I don't have tools!,True
333,"We were wondering what was taking so long with the gift, but now we understand you were doing this.",True
334,Oh tons. I am quite the woodsman.,True
335,If only there was something in your head to control the things you say.,True
336,"Well yes Ross, pressing my third nipple opens the delivery entrance to the magical land of Narnia.",True
337,"I am sorry, we donÕt have your sheep.",True
338,"No, rabies.",True
339,Was that place the sun?,True
340,Maybe he was nervous.,True
341,"No you are not Chandler, we still love you Chandler",True
342,We got a box.,False
343,I was saying the actual words,True
344,His legs flail about as if independent from his body,False
345,"Yes you can. You're thinking about time, you can't go back in time.",False
346,Did I wake you?,True
347,Great! Now we can do laundry all night. All night laundry!,True
348,"ThatÕs a good one too Pheebs, now all that I have to do is find a plane load of people whose resolution is to plummet to their deaths",True
349,"You know some might find it amusing, I myself find it regular.",True
350,"And Hornswoggle? What? Are you dating a character from ""Fraggle Rock""? Ahh.",True
351,"Joey ate my last stick of gum, so I killed him. Do you think that was wrong?",True
352,It was an accident. Not like I was across the street with a telescope and a box of donuts.,True
353,"Hey, that's Joincidence with a C",True
354,"The Jamestown colony of Virginia. You see King George is giving us the land, so.",True
355,"Dear god, this parachute is a knapsack",True
356,"Oh yeah ok, including the waffles last week, you now owe me, seventeen zillion dollars.",True
357,"No, no, I am just looking for a man to draw on me with chalk.",True
358,"I am telling you, when she leaned back, I could see her brain",True
359,Me? I am gonna die alone!,True
360,Spanish midgets wrestling Julie! Okay yes I see how they got there.,True
361,"Well, it will probably slow me down at first. But once I am used to the extra weight, I ll get back on track.",True
362,"A lonely grey couch. "" O look "" cried Ned. And then the kingdom was his. The End.",False
363,See Joe that's why your parents told you not to jump on your bed!,False
364,"I just have to do one thing, really quickly, its not a big thing  ...  GET UP||",True
365,"No, this is just part of a daredevil game that I play called wait until last moment before I burst and die",True
366,"Yes, we all know how cruel a parent can be, about the flatness of a child's pillow.",True
367,I think this is probably why Damone smokes in his cell alone.,True
368,Oh! Satan's minions at work again?,True
369,"Maybe it's a contest, you know? Like ""Collect all five"".",True
370,I guess you would know that or else we would be in a predicament room,True
371,We can? Ok I am trying that.,True
372,Oh yeah right. And what would my opening line be? Excuse me,True
373,Ah you see perfect might be a problem. Had you said co-dependent or self-destructive.,True
374,That's so funny because you look more like Joey Tribbiani man slash woman.,True
375,"No, no the actual cartoon character .. Of course the baloon.",True
376,That monkey has got a Ross on its ass!,True
377,"Okay, but If he asks, I am not going to lie.",False
378,"Oh, um, I don't care!",True
379,"You know once you are inside, you don't have to knock anymore.",True
380,We think it was trying to spell out monkey.,True
381,Dee. The sarcastic sister from What's Happening.,True
382,"Uh, okay. The fifth dentist caved and not they're all recommending Trident?",True
383,Ah your own brand of vigilante justice.,True
384,Did you tell her about the magical night that starts with the flush of every toilet?,True
385,"Oh I see, I thought you just really really liked your new couch.",True
386,"No its not big, not at all. Kind of the same lines as, I don't know, having a third nipple!",True
387,Why? You never look down in the shower?  Oh please I am allowed one joke in the monkey is penis genre.,True
388,And I think my testicles may be in here too,True
389,"ThatÕs good, just keep rubbing your head. That will turn back time",True
390,My duties?  All right.,False
391,Ok!,False
392,No way!,False
393,Oh.,False
394,The whole thing! Can we go?,True
395,"Great! Okay, here.",False
396,"Okay, does this look like a garbage can to you?",False
397,"Oh my God, wh-what happened?",False
398,"Oh boy, I just can't watch. It's too scary!",True
399,Yeah it would!,False
400,No!,False
401,Really!?,False
402,: Yeah.,False
403,What?  Why?,False
404,Oh! Oop!,False
405,What a baby.,False
406,I talk to you and nothin'.,False
407,Do you still wanna call  'em? I wanna call  'em.,False
408,"I'm just gonna throw it out, it's probably just a bunch of shampoo and...",False
409,"So, you're just Bing?",False
410,"All right, cut, let's pick again, pick again.",False
411,It's that whole sensitive thing.,False
412,Yeah. What-what should I do?,False
413,For what? For letting you throw me out of your office?,True
414,Like I have nothing better to do!,True
415,"Oh hey, great, you're up. Rachel, this is my sister Krista. Krista, this is Rachel.",False
416,"Umm, excuse me, we switched apartments. You can't eat are food anymore, that-that gravy train had ended.",False
417,"Well, we're trying to find someone to perform our wedding and they're all either boring or annoying or y'know, can't stop staring at the ladies.",False
418,What?!?!,False
419,"Ross-Ross, you have no idea what this means to me!",False
420,What would you give to a kid if he wanted a ticket to play with?,False
421,"Oh sure, go with the sissy.",True
422,I mean if you hadn't initiated it I-I-I know I would've.,False
423,DANGER,False
424,Yeah! Look!,False
425,You'd better act surprised.,False
426,Well what are you gonna do when he finds out he wasn't even asked?!,False
427,"Okay, you guys, just relax.  I doooo.",False
428,"Y'know what I mean, like dubbies?",False
429,"Excellent hole, Joe.",True
430,"Oh my God!! Ohh, that is it! I'm leaving! You are just a horrible person!",False
431,"Anyway, they want to take us out Saturday night! What do you say?",False
432,Thank you.,False
433,"Take your shirt off, and let's see what we're dealing with here.  What are you doing?",False
434,I studied for a year in Barcelona.,False
435,Just tell me how.,True
436,"I really, really enjoyed it. Very exotic.",True
437,"When? Today? Some, not a lot.",False
438,"The big deal is I don't want naked, greasy strangers in my apartment when I want to kick back with a puzzle,beer! Cold beer.",False
439,We- we had our first fight this morning.,False
440,Nobody sees the king!,False
441,Yeah.,False
442,It's not a real game! I made it up!,False
443,I'm never gonna get to meet her anyway.,False
444,"All right, let's do it.",False
445,"Y'know you, you just stop being such a wuss and get those off and you come with us and watch naked girls dance around!!",False
446,"Yeah, a slice of cheesecake and-and a date if you're given'  'em out.",False
447,It's not funny!,False
448,"Are you kidding? I love that guy!  Morning's here! Morning is here,",False
449,"Stating the obvious, but thank you. And it's not weird is it.",True
450,"Yeah, I don't think so Joe.",False
451,"Yeah, I'm fine.",False
452,"It's white plastic, with a handle, and it fits onto a stroller.",False
453,"So to sum up, I'm Professor Geller.",False
454,"When they're hungry enough, they'll come in.",False
455,"Well, don't  'cha wanna?",False
456,"Well, I believe the piece of furniture was fine until your little breakfast adventure with Angela Delvecchio",False
457,What-wh-what so we'll just stay married forever?,True
458,"I don't know, something girlie.",False
459,What's going on?!  That's what's going on!!,False
460,Weā€™re not peeking?,False
461,"Well, y'know I'm 29. I mean who needs a savings account.",True
462,Why? Because she can sing and play guitar and do both at the same time?,True
463,Thank you.,False
464,Cover yourself up!,False
465,Ohhh!!!!,False
466,"Wait, wait, Chandler, this is what you're havin' for Thanksgiving dinner?",False
467,I don't think so. Hello?  When you get in there,False
468,You had no relationship!!,False
469,It was like months ago.,False
470,I can show you an ID if you want?,True
471,"I do not always have to be,okay, okay.",False
472,Wow! Imagine what our kids would look like!,False
473,"I'd love to show ya, but I just tucked her in.",False
474,I can't believe it.  Can I tell you something? I'm a little mad at him now.,False
475,"So, I'm sorry I just don't think we should go away together yet.",False
476,And protected them from a tornado?,True
477,When are you coming home?,False
478,"See, there you go, the cleansing works!",False
479,"Ow, ow, ow, ow, leg cramp, leg cramp, leg cramp.",False
480,"Oh yeah. First off all, chasing the Churo guy isn't jogging.",False
481,"Well, I'd gotten Judy pregnant. I still don't know how that happened.",True
482,Was it not pain-free?,True
483,No!,False
484,"Oh, you say someone's name enough, they turn around.",True
485,"And it came out, ""Squatternut buash?""",False
486,"I didn't know you and Carol were getting divorced, I'm sorry.",False
487,"Uh, listen, I need that broiling pan that Joey borrowed the other day.",False
488,"Me too! There's a game on Tuesday, do you wanna go?",False
489,Uh-huh!,False
490,"And, uh, I don't know if you got any of that, but I would really like a copy of the tape.",False
491,"Oh, no, no. I just meant hypothetically.",False
492,"Well, I like it. Here you go.",False
493,"Whoa, whoa, whoa.",False
494,Okay?,False
495,"You and I, we're interfacing.",False
496,"Alright, I'm gonna go pick up a few things for the trip.",False
497,So now I have to go so he'll think that I'm totally ok with seeing him!,True
498,And did he?,False
499,You're gonna have to tell me how you did that.,False
500,All right.,False
501,No,False
502,"I mean, you and I we're just, y'know, we're nothing, we're goofin' around.",True
503,"Uh-huh, well! But umm, still I'm-I'm mad at you.",False
504,"Okay, are you aware unagi  is an eel?",True
505,Paper cut!,False
506,"Just a sec, give me a minute to wake up for this,Ah-ha-ha!!",False
507,"Uh, Rachel's here, so good luck man, let me know how it works out.",True
508,"All right, okay, well, apparently not!",True
509,"That's easy for you to say, you weren't almost just killed.",True
510,I don't think you could ever do that.,False
511,"Yes, I know, but her friend sounds like such a...",False
512,Chandler?,False
513,"Uh, I'm gonna kill myself!",False
514,"Thanks, but I kinda have a problem to deal with here.",False
515,Yeah!,False
516,Hey! It's starting to snow.,False
517,"Look, please, please don't go anywhere, okay?",False
518,"He's right, even if it's to say something complementary.",False
519,"Hey, does somebody wanna hand me one of those tiles.",False
520,"Chloe, switch with me, there's some guys here that got a crush on you.",False
521,I'm the supply manager.,False
522,What did you want to show us? Because all I can see is this bitchin van,False
523,You still love me?,False
524,No! I'm so happy for them!,False
525,"Look I never should have kissed your girlfriend, but I'm",False
526,Lovely,True
527,"Well ah, I've been doing a lot of thinking, and I look at my life",False
528,I'm the ruptured spleen.,False
529,Why?,False
530,"Oh-oh, that's a risky little game!",False
531,"Oh, come on!",False
532,"Cause all I ever get to do now is pregnant stuff, it just bums me out.",False
533,Hey.,False
534,"This-this, no, oh no, no-no-no, this is not,that's-that's not what it is.",False
535,"Whoa, maybe I was!",False
536,"Yeah okay, I was just talking to the guys. Just look at them I mean, is it okay if they come visit?",True
537,"Well, umm, my Mom's friend, Phoebe, is actually my birth Mom.",False
538,"Anyway, I should go, one of the lifeguards was just about to dismantle a nuclear device.",False
539,"Okay, Janice. Janice. You gotta give me Janice. That wasn't about being picky.",False
540,That oughta do it.,False
541,Hey.,False
542,All right I'll have one.,True
543,"Ross umm, there's something that I've got to tell you, there's-there's someone else.",False
544,"Yeah, I mean, it would be rude to them for us to leave now.",True
545,"Twenty-one hours, you're a hero.",False
546,"No, I know, but I,he just went on.",False
547,"Okay, now much have you won so far?",False
548,It's my friends.,False
549,No!! You have been screwing us all day!,False
550,"I did not mean to touch that,I mean",False
551,I'm supposed to teach a graduate seminar there in ten minutes.,False
552,I was thkinking about maybe going into the Robot.,False
553,Oh well. It probably would've been the most constructive solution.,False
554,"Nothing. It's just old and dingy, that's all.",False
555,Yeah?,False
556,Uh-huh!,False
557,The end.,False
558,"Ah, oh, hang on a second. Come in, come in. All right, so think about it, and call me back.",False
559,Pheebs?,False
560,"Yeah. Yeah, that's what you need a good .. pill.",True
561,Hey!,False
562,"Can't do it, can you?",False
563,"Yeah, she's fired.",False
564,"Nope. Op, wait! There he goes.",False
565,"Hey, do you know a six-letter word for red?",False
566,Okay?,False
567,I know but it's so hard! Nothing rhymes with your stupid name!,False
568,Take a couple deep breaths.,False
569,"No no, you don't have to fly back, really.",False
570,What?,False
571,Okay?,False
572,"Hi, Joey. Well well, look what you brought. Very nice.",False
573,What was that?!,False
574,Yeah?,False
575,"On the other hand in um, in about seven months you're gonna have something that you're gonna love more than any guy you've ever gone out with.",False
576,That is the coast guard!,False
577,"Ah well, this is the living room.",False
578,"Oh, hey, look, I found coffee! Okay, let's skedaddle.",False
579,"I wasn't by myself. I had a doctor, a nurse, and a helper guy. So, did you see who won the game?",False
580,I just called a friend of mine.,False
581,"Even if people are on it!""",True
582,I-I'm really sorry. It's just that I,False
583,"Yeah well that's because uh .. I stayed in my room. Yeah, you don't want to look in my hamper.",False
584,"I guess you'd know that, being one of the two of us, though, right?",True
585,Some guy bought it. I'm sorry. I tired to stop it but they put me in jail!,False
586,"Almost! But first, we gotta start.",True
587,You building a post office?,True
588,Stick to the list.,False
589,Uh yes! Thank you.,True
590,And then for forgetting to invite you to it.,False
591,"So Ross, how umm, how did it go with Bonnie?",False
592,What are you up too?,False
593,Yes it is.,False
594,So how'd it go?,False
595,What is the matter with your face?!,False
596,It would be nice to have a little guarantee though.,True
597,Then we went to this bar and he hooked us up with all these women!,False
598,I've never loved anybody as much as I love you.,False
599,"No just, nobody press on my stomach.",False
600,"Umm, would you please excuse me for a moment?",False
601,No.,False
602,Am I out of control?,False
603,If you wanna put a label on it.,True
604,But I'm the host!,False
605,I can see it from right here. It'll cost you one husband.,True
606,"Nooo! No, that's not true. No, best time ever! Yeah, you rocked my world!",True
607,"Seriously, it's moving!",False
608,"Carol called me to thank me for the lasagna, I asked, she told me.",False
609,"Look now, Phoebe remember, hey, their just fulfilling their Christmas....",False
610,"No, no, no, it's flattery.",False
611,"Yeah, she couldn't live without the Chan Love.",False
612,No Blanche she is upset because they keep changing the taste of coke.,True
613,"No Rose, she is depressed because Marvel had manners on only once a week",True
614,"No Rose, I am nervous because Sonny Bono gets elected mayor of Palm Springs, he is gonna make all the postmens wear leather bell bottoms and a fur vest.",True
615,"Oh yes Blanche, about a half hour ago. But now I have hidden her again so you can find her.",True
616,"I don't know Rose, maybe Marry Poppins has an Italian cousin.",True
617,On the home shopping network,True
618,No I am upset because crocodin turbs are wearing darker colors.,True
619,The liberarche marquee at Caesar's palace,True
620,"No, she is going to sit here where itÕs a 112 degrees and eat enchiladas.",True
621,"No, its because I cannot make any sense of those commercials for obsession.",True
622,"No, I am depressed becaues Phillis George left the morning news.",True
623,"No Blanche, with a venus fly trap",True
624,"No Rose, go to the corner and open a stand",True
625,Lords of Arabia,True
626,No I am worried she might be Phir Resuda's,True
627,"Oh ma no, it was a little girl selling girl scout toilets.",True
628,"No, I haven't taken her out of the trunk of the car yet.",True
629,"Rose, you should sit here and watch her hack herself to death",True
630,"Ofcourse no Ma, I am referring to Carrey Grant, he is living in the broom closet.",True
631,"How about stopping by new years eve with three naked women, throwing up in the pool, passing out in the punch bowl, and relieving yourself in the linen closet?",False
632,"No Rose, at a pie eating contest.",True
633,To feed the cat Rose.,True
634,Show them your slides of Hawaii,True
635,No I am upset because Joe Piscapo didn't get the lead role in rain man.,True
636,A bucket of chicked. I hope you like it extra flat and crispy,True
637,It's a musical Rose,True
638,I'm worried about whether Michael Jackson will be able to buy the remains of the elephant man.,True
639,His cappucino maker.,True
640,"No, she I supset because Jimmy Swaager can't cover his motel bill",True
641,No itÕs the rose in the kitchen thing.,True
642,"In what Blanche, dog years?",True
643,"I'm sorry Sophia, but in Dorothy's defence, it sure sounds a lot like her.",True
644,Because it wears a little sunbrella Rose.,True
645,What was I doing? My ben gazara in person?,True
646,What are these? Claws?,True
647,"The little man who lives in there, who turns the light on and off will tell you.",True
648,"No Rose, I am developing pictures from the magellan space probe",True
649,"No Rose, it stands alone.",True
650,A hand puppet Rose.,True
651,"No Rose, that you should do.",True
652,Amazing.,True
653,Nooo,True
654,Well scott I am sure we are all really really looking forward to hear your story.,True
655,Sarcasm? Noo.,True
656,"No, no no, I just mediate the gorup. I just give up every Tuesday of my life to help these screwups for the good of my health",True
657,Really?,True
658,Sarcasm? At a sarcasmoholics meeting?,True
659,You got off to a really good start with the group.,True
660,We thought you were just here for the company. He is a sarcasmoholic Stewart.,True
661,Noooo. Really?,True
662,Nooo!,True
663,Sarcastic? Us? Nooo.,True
664,And I am sure every person here really really wants you to join our group.,True
665,Noo..,True
666,"You said you spent all that money because those boots go with skirts, dresses and pants. What do you plan on wearing? A Chicken suit?",True
667,"Oh I am sorry, do you need a break?",True
668,I can see it from right here. It'll cost you one husband.,True
669,Well why don't you check in one of my saddle bags while I chew on a bale of hay.,True
670,"Well, I'm a headhunter. I hook up out of work Soviet scientists with rogue third-world nations. Hi Rasputin!",True
671,"Let me think! Let me think! Oh, I don't care.",True
672,The British are coming?,True
673,Oh my God I love that! - Really? - NO!,True
674,No thanks Josephine!,True
675,"Oh my god, where are all the men?",False
676,"This is so good, that I am gonna enjoy it in the balcony. I can enjoy my view, whilst I enjoy my desert.",True
677,Really? Struck down in the prime of life.,True
678,"I am not freaking out, why would I be freaking out? A woman named Hildy called and said we will get married, but that happens everyday",True
679,I was making a coconut phone with a professor.,True
680,What do you know? Its a treat for the eyes and the ears.,True
681,I really don't wanna sit with Allen Iverson over there .,False
682,"Gee, if only she were one and had no idea what a birthday was.",True
683,"Oh sure, she was probably up all night excited about the party she knows is happening.",True
684,Are you still enjoying your nap?,True
685,"Hes not right for the part, and if I suggest him my bosses are going to think I am an idiot. And thatÕs something they should learn on their own.",True
686,"Oh yeah he has a caretaker his older brother, Ernie. You can't make this stuff up!",False
687,Is it me or the greetings gone downhill around here?,True
688,"You are right, by saying nice, I am virtually licking her.",True
689,"Yes and we are ""very"" excited about it.",True
